,traj_id,t,u,a_meas,a_true,v_true_m,v_true_km,x_true
0,1.0,0.0,510.0,-0.008382967,-0.0008614474,13.888889,50.0,0.0
1,1.0,0.40053403,508.07935,-0.015823882,-0.0021415143,13.888846,49.999847,0.6944445
2,1.0,0.80106807,506.20544,-0.010185278,-0.0033895534,13.888697,49.999306,2.0833313
3,1.0,1.2016021,504.37823,-0.0040649697,-0.0046054064,13.88842,49.99831,3.4722085
4,1.0,1.6021361,502.59775,0.011170972,-0.0057890895,13.8880205,49.996872,4.8610644
5,1.0,2.0026703,500.86398,-0.0046286467,-0.0069406303,13.887501,49.995003,6.2498865
6,1.0,2.4032042,499.1769,-0.0042186263,-0.008060061,13.886865,49.99271,7.6386623
7,1.0,2.8037384,497.5366,-0.0073764557,-0.009147409,13.886115,49.990013,9.027381
8,1.0,3.2042723,495.943,-0.011986598,-0.010202692,13.885255,49.986916,10.41603
9,1.0,3.6048064,494.3961,-0.015282289,-0.011225936,13.884287,49.983433,11.804599
10,1.0,4.0053406,492.8959,-0.0060600024,-0.012217188,13.883216,49.979576,13.193076
11,1.0,4.4058747,491.44244,-0.007439625,-0.013176463,13.882044,49.975357,14.581451
12,1.0,4.8064084,490.0357,-0.024417168,-0.014103775,13.8807745,49.970787,15.969714
13,1.0,5.2069426,488.6757,-0.009434063,-0.014999169,13.879411,49.965878,17.357855
14,1.0,5.6074767,487.3624,-0.020263677,-0.015862659,13.877955,49.96064,18.745865
15,1.0,6.008011,486.0958,-0.021664377,-0.016694272,13.876412,49.955082,20.133734
16,1.0,6.4085445,484.87592,-0.021192495,-0.017494049,13.874784,49.949223,21.521452
17,1.0,6.8090787,483.7028,-0.015734984,-0.018262003,13.8730755,49.94307,22.909012
18,1.0,7.209613,482.57635,-0.03191182,-0.018998161,13.871287,49.936634,24.296406
19,1.0,7.610147,481.49664,-0.023118412,-0.019702552,13.869424,49.929924,25.683624
20,1.0,8.010681,480.46365,-0.011979872,-0.020375201,13.867489,49.92296,27.07066
21,1.0,8.411215,479.47736,-0.005717404,-0.021016147,13.865485,49.915745,28.457504
22,1.0,8.811749,478.5378,-0.00636617,-0.021625392,13.863416,49.908295,29.844152
23,1.0,9.212283,477.64496,-0.027251473,-0.022202985,13.861283,49.90062,31.230598
24,1.0,9.612817,476.79886,-0.030466225,-0.022748943,13.859092,49.89273,32.616833
25,1.0,10.013351,475.99945,-0.026623784,-0.023263296,13.856844,49.884636,34.002853
26,1.0,10.413885,475.24677,-0.04974982,-0.023746068,13.854544,49.876354,35.38865
27,1.0,10.814419,474.5408,-0.050425008,-0.024197277,13.852193,49.867893,36.77422
28,1.0,11.214953,473.88156,-0.023383118,-0.024616955,13.849795,49.85926,38.159557
29,1.0,11.615487,473.269,-0.03128088,-0.02500514,13.847355,49.850475,39.544655
30,1.0,12.016022,472.70322,-0.019422416,-0.025361843,13.844873,49.84154,40.929512
31,1.0,12.416555,472.1841,-0.025135685,-0.025687093,13.842355,49.832478,42.314125
32,1.0,12.817089,471.71176,-0.019768411,-0.025980927,13.839803,49.823288,43.698486
33,1.0,13.217624,471.2861,-0.034669388,-0.026243364,13.837219,49.813988,45.082596
34,1.0,13.618157,470.90717,-0.01877715,-0.026474422,13.834608,49.80459,46.466446
35,1.0,14.018692,470.57492,-0.007601169,-0.02667414,13.831972,49.795097,47.850037
36,1.0,14.419226,470.28943,-0.030192973,-0.026842529,13.829314,49.78553,49.233364
37,1.0,14.819759,470.05066,-0.02932657,-0.02697962,13.826638,49.775898,50.61643
38,1.0,15.220294,469.85858,-0.020835925,-0.027085459,13.823947,49.76621,51.999226
39,1.0,15.620828,469.71326,-0.03329575,-0.027160041,13.821243,49.756474,53.381756
40,1.0,16.021362,469.61462,-0.016640266,-0.027203407,13.818531,49.74671,54.764015
41,1.0,16.421896,469.5627,-0.036917076,-0.027215598,13.815813,49.736927,56.146004
42,1.0,16.82243,469.55753,-0.023960244,-0.02719661,13.813092,49.72713,57.52772
43,1.0,17.222963,469.59903,-0.026085548,-0.027146487,13.810371,49.717335,58.90917
44,1.0,17.623499,469.6873,-0.025608264,-0.027065255,13.807654,49.707554,60.29034
45,1.0,18.024033,469.82227,-0.017141039,-0.026952926,13.804944,49.697796,61.67124
46,1.0,18.424566,470.00394,-0.031625777,-0.026809538,13.802243,49.688076,63.051872
47,1.0,18.8251,470.23233,-0.035296194,-0.026635114,13.799555,49.678394,64.43223
48,1.0,19.225634,470.50745,-0.025060717,-0.026429687,13.796883,49.668777,65.81232
49,1.0,19.626167,470.82928,-0.0155596305,-0.02619326,13.7942295,49.659225,67.19214
50,1.0,20.026703,471.19785,-0.014002804,-0.025925877,13.791598,49.649754,68.57169
51,1.0,20.427237,471.61313,-0.018597787,-0.025627557,13.788992,49.64037,69.95098
52,1.0,20.82777,472.0751,-0.014305302,-0.02529833,13.786414,49.63109,71.33001
53,1.0,21.228304,472.58383,-0.011123987,-0.024938215,13.783868,49.62192,72.70878
54,1.0,21.628838,473.13925,-0.02434711,-0.02454725,13.781356,49.61288,74.087296
55,1.0,22.029373,473.7414,-0.012750156,-0.024125453,13.778882,49.603973,75.46555
56,1.0,22.429907,474.39026,-0.029941121,-0.023672841,13.776448,49.59521,76.84357
57,1.0,22.83044,475.08585,-0.017422993,-0.023189448,13.774058,49.58661,78.22134
58,1.0,23.230974,475.82816,-0.0075529283,-0.022675296,13.771715,49.578175,79.59886
59,1.0,23.631508,476.61716,-0.018441623,-0.022130406,13.769422,49.569916,80.97615
60,1.0,24.032043,477.4529,-0.01701945,-0.021554815,13.767181,49.56185,82.35321
61,1.0,24.432577,478.33536,-0.027255954,-0.020948544,13.7649975,49.55399,83.73004
62,1.0,24.83311,479.26456,-0.012653547,-0.020311622,13.762873,49.54634,85.10665
63,1.0,25.233644,480.24045,-0.0018439065,-0.019644056,13.76081,49.538914,86.48305
64,1.0,25.634178,481.26306,-0.022798587,-0.018945884,13.758812,49.531723,87.85923
65,1.0,26.034714,482.33237,-0.0031647184,-0.018217135,13.756883,49.524776,89.235214
66,1.0,26.435247,483.44843,-0.006027543,-0.01745782,13.755025,49.51809,90.611
67,1.0,26.835781,484.6112,-0.018961396,-0.01666799,13.753242,49.51167,91.986595
68,1.0,27.236315,485.82068,-0.024530007,-0.015847633,13.751535,49.505527,93.36201
69,1.0,27.636848,487.07687,-0.012390346,-0.014996803,13.749909,49.499672,94.73724
70,1.0,28.037384,488.37982,-0.013655437,-0.014115516,13.748367,49.49412,96.11231
71,1.0,28.437918,489.72946,-0.02268945,-0.013203788,13.746912,49.48888,97.48723
72,1.0,28.838451,491.1258,-0.0057298886,-0.012261665,13.745546,49.483967,98.86199
73,1.0,29.238985,492.56888,0.013330595,-0.011289155,13.744273,49.47938,100.23662
74,1.0,29.639519,494.0587,-0.008935124,-0.010286277,13.743095,49.475143,101.61111
75,1.0,30.040054,495.59518,-0.028669983,-0.009253072,13.742017,49.47126,102.98547
76,1.0,30.440588,497.17844,-0.014281661,-0.008189562,13.74104,49.467743,104.359726
77,1.0,30.841122,498.80838,-0.020981478,-0.0070957677,13.740169,49.464607,105.73388
78,1.0,31.241655,500.48505,-0.0098963715,-0.0059717097,13.739405,49.461857,107.10794
79,1.0,31.642189,502.20844,-0.0127726495,-0.004817427,13.738751,49.459503,108.48192
80,1.0,32.042725,503.97855,-0.0032914039,-0.0036329199,13.738212,49.45756,109.85583
81,1.0,32.443256,505.79535,-0.008434281,-0.0024182333,13.737789,49.45604,111.229675
82,1.0,32.843792,507.6589,0.011392123,-0.0011733862,13.737487,49.454952,112.60348
83,1.0,33.244328,509.56915,-0.0076465914,0.000101586535,13.737308,49.454308,113.97724
84,1.0,33.64486,511.52612,0.0040254756,0.0014066842,13.737254,49.454113,115.35098
85,1.0,34.045395,513.52985,-0.006752845,0.002741868,13.7373295,49.454384,116.72471
86,1.0,34.445927,515.58026,-0.0012830776,0.004107098,13.737537,49.45513,118.098434
87,1.0,34.846462,517.67737,-0.014673004,0.0055023697,13.73788,49.456367,119.472176
88,1.0,35.246998,519.8212,0.018499825,0.0069276574,13.73836,49.458096,120.84595
89,1.0,35.64753,522.0118,0.022192486,0.008382928,13.738982,49.460335,122.21976
90,1.0,36.048065,524.2491,0.020215983,0.009868169,13.739748,49.463093,123.59363
91,1.0,36.448597,526.5331,0.00853588,0.011383338,13.740661,49.466377,124.96757
92,1.0,36.849133,528.86383,0.017338114,0.012928429,13.741723,49.470203,126.34159
93,1.0,37.24967,531.2413,0.0056270384,0.014503403,13.742939,49.47458,127.71571
94,1.0,37.6502,533.6654,0.02431996,0.016108235,13.74431,49.479515,129.08995
95,1.0,38.050735,536.1363,0.02205393,0.01774292,13.745841,49.485027,130.46431
96,1.0,38.451267,538.65393,0.008456628,0.019407405,13.747534,49.49112,131.83882
97,1.0,38.851803,541.2182,0.027157921,0.021101682,13.749392,49.497807,133.21349
98,1.0,39.252335,543.8293,0.017667027,0.022825718,13.751417,49.5051,134.58833
99,1.0,39.65287,546.487,0.03058584,0.024579499,13.753613,49.51301,135.96338
100,1.0,40.053406,549.19147,0.014471124,0.026363004,13.755983,49.521538,137.33862
101,1.0,40.453938,551.9427,0.0282054,0.028176174,13.758531,49.53071,138.7141
102,1.0,40.854473,554.7406,0.037339095,0.030019028,13.761257,49.540524,140.08983
103,1.0,41.255005,557.5852,0.01597972,0.031891514,13.764167,49.551,141.46582
104,1.0,41.65554,560.47656,0.032979842,0.033793617,13.767262,49.562145,142.84209
105,1.0,42.056076,563.4146,0.049041897,0.03572529,13.770547,49.573967,144.21866
106,1.0,42.456608,566.3994,0.030746648,0.03768655,13.774023,49.586483,145.59555
107,1.0,42.857143,569.4309,0.042808894,0.039677326,13.777694,49.599697,146.97278
108,1.0,43.257675,572.5091,0.04421635,0.041697633,13.781562,49.61362,148.35036
109,1.0,43.65821,575.63403,0.06721023,0.043747418,13.78563,49.62827,149.72832
110,1.0,44.058746,578.8057,0.04238754,0.045826666,13.789903,49.64365,151.10667
111,1.0,44.45928,582.0241,0.047267858,0.04793535,13.794381,49.65977,152.48546
112,1.0,44.859814,585.2892,0.040143706,0.05007344,13.799069,49.676647,153.86467
113,1.0,45.260345,588.60095,0.06497635,0.052240927,13.803969,49.69429,155.24434
114,1.0,45.66088,591.95953,0.053800307,0.054437768,13.809085,49.712704,156.6245
115,1.0,46.061417,595.36475,0.045691248,0.05666394,13.814419,49.731907,158.00514
116,1.0,46.46195,598.8167,0.0563003,0.05891942,13.819974,49.751904,159.38632
117,1.0,46.862484,602.3154,0.051453024,0.06120418,13.825753,49.77271,160.76804
118,1.0,47.263016,605.8608,0.06605616,0.063518204,13.831759,49.794334,162.15033
119,1.0,47.66355,609.45294,0.06987422,0.06586145,13.837996,49.816784,163.5332
120,1.0,48.064087,613.09174,0.06843138,0.06823389,13.844464,49.84007,164.91669
121,1.0,48.46462,616.77734,0.049937084,0.070635535,13.851169,49.864204,166.30081
122,1.0,48.865154,620.5096,0.08347037,0.07306632,13.858112,49.889202,167.6856
123,1.0,49.265686,624.2886,0.077716246,0.07552622,13.865297,49.91507,169.07106
124,1.0,49.66622,628.1143,0.09308881,0.07801522,13.872727,49.94182,170.45723
125,1.0,50.066757,631.9854,0.07787026,0.0805324,13.880404,49.969456,171.84413
126,1.0,50.46729,635.84015,0.091848284,0.083036624,13.888331,49.997993,173.23178
127,1.0,50.867825,639.64514,0.08718959,0.08550554,13.89651,50.027435,174.62022
128,1.0,51.268356,643.4003,0.0843526,0.08793914,13.904937,50.05777,176.00946
129,1.0,51.66889,647.1057,0.085606754,0.090337485,13.913609,50.08899,177.39954
130,1.0,52.069427,650.7613,0.08227641,0.09270057,13.922523,50.12108,178.79047
131,1.0,52.46996,654.367,0.08793272,0.095028445,13.931674,50.154026,180.18227
132,1.0,52.870495,657.923,0.104918264,0.09732113,13.94106,50.187817,181.57498
133,1.0,53.271027,661.4291,0.0877027,0.099578634,13.950678,50.22244,182.96861
134,1.0,53.671562,664.8854,0.1117897,0.10180101,13.960523,50.25788,184.3632
135,1.0,54.072098,668.29193,0.106869474,0.10398827,13.970592,50.29413,185.75876
136,1.0,54.47263,671.6486,0.0958154,0.10614044,13.980881,50.33117,187.15532
137,1.0,54.873165,674.9555,0.11689542,0.10825755,13.991387,50.36899,188.55289
138,1.0,55.273697,678.2126,0.111453325,0.11033962,14.002108,50.407585,189.9515
139,1.0,55.674232,681.41986,0.1232685,0.11238669,14.013038,50.446934,191.35118
140,1.0,56.074768,684.57733,0.12703954,0.11439876,14.024174,50.487022,192.75194
141,1.0,56.4753,687.685,0.116325036,0.116375886,14.035513,50.527843,194.1538
142,1.0,56.875835,690.7428,0.12345072,0.11831808,14.047051,50.569386,195.55678
143,1.0,57.276367,693.75085,0.12670934,0.12022536,14.058786,50.61163,196.9609
144,1.0,57.676903,696.7091,0.12301959,0.122097775,14.070714,50.654568,198.3662
145,1.0,58.07744,699.6175,0.12549505,0.12393533,14.08283,50.69819,199.77267
146,1.0,58.47797,702.47614,0.11833999,0.12573805,14.095132,50.742474,201.18036
147,1.0,58.878506,705.2849,0.116830155,0.12750597,14.107615,50.787415,202.58926
148,1.0,59.279037,708.0439,0.14814799,0.12923913,14.120277,50.832996,203.9994
149,1.0,59.679573,710.75305,0.116376266,0.13093753,14.133115,50.87921,205.4108
150,1.0,60.08011,713.4124,0.13529466,0.13260122,14.146124,50.926044,206.82347
151,1.0,60.48064,716.022,0.12899382,0.1342302,14.159301,50.97348,208.23743
152,1.0,60.881176,718.5817,0.1522831,0.13582452,14.172643,51.02151,209.6527
153,1.0,61.281708,721.0917,0.14069222,0.13738418,14.186146,51.07012,211.06929
154,1.0,61.682243,723.5518,0.13146085,0.13890924,14.199806,51.1193,212.48723
155,1.0,62.08278,725.96216,0.12851763,0.1403997,14.213621,51.169033,213.90652
156,1.0,62.48331,728.32263,0.14458738,0.1418556,14.227587,51.21931,215.3272
157,1.0,62.883846,730.63336,0.12932168,0.14327694,14.241699,51.270115,216.74925
158,1.0,63.284378,732.8942,0.14789183,0.1446638,14.255956,51.321438,218.17271
159,1.0,63.684914,735.10535,0.15870453,0.14601617,14.270352,51.37327,219.5976
160,1.0,64.08545,737.2666,0.13236545,0.14733405,14.284886,51.42559,221.02391
161,1.0,64.485985,739.37805,0.13101235,0.14861752,14.299554,51.478394,222.45168
162,1.0,64.88651,741.43976,0.14058621,0.14986658,14.314351,51.531662,223.88089
163,1.0,65.28705,743.4516,0.16151339,0.15108126,14.329275,51.58539,225.31158
164,1.0,65.687584,745.41364,0.16011019,0.1522616,14.344322,51.639557,226.74376
165,1.0,66.08812,747.32587,0.15674381,0.15340759,14.359489,51.69416,228.17744
166,1.0,66.488655,749.18823,0.16314988,0.15451929,14.374773,51.74918,229.61264
167,1.0,66.88918,751.00085,0.15020189,0.15559672,14.390169,51.804607,231.04935
168,1.0,67.28972,752.7637,0.16609499,0.1566399,14.405675,51.860428,232.4876
169,1.0,67.690254,754.4767,0.15981704,0.15764886,14.421287,51.91663,233.92738
170,1.0,68.09079,756.13983,0.17046133,0.15862362,14.437001,51.9732,235.36873
171,1.0,68.491325,757.75323,0.16936807,0.15956421,14.452815,52.030132,236.81165
172,1.0,68.89185,759.3168,0.16031621,0.16047068,14.468724,52.087406,238.25613
173,1.0,69.29239,760.8305,0.16686326,0.16134302,14.484726,52.14501,239.70221
174,1.0,69.692924,762.29443,0.15341903,0.1621813,14.500816,52.202938,241.14989
175,1.0,70.09346,763.7086,0.16297816,0.16298552,14.516993,52.261173,242.59917
176,1.0,70.493996,765.07294,0.16770205,0.1637557,14.533251,52.319702,244.05006
177,1.0,70.89452,766.38745,0.1531059,0.16449186,14.549588,52.378517,245.50258
178,1.0,71.29506,767.65216,0.17877863,0.16519406,14.566001,52.437603,246.95673
179,1.0,71.695595,768.867,0.14672762,0.16586232,14.582485,52.496944,248.4125
180,1.0,72.09613,770.0321,0.16315582,0.16649665,14.599038,52.556538,249.86993
181,1.0,72.496666,771.1474,0.17307892,0.1670971,14.615656,52.61636,251.32901
182,1.0,72.897194,772.2129,0.16275226,0.16766368,14.632336,52.676407,252.78975
183,1.0,73.29773,773.2285,0.16154626,0.16819642,14.649074,52.736664,254.25215
184,1.0,73.698265,774.1944,0.16856919,0.16869536,14.665867,52.79712,255.71622
185,1.0,74.0988,775.1104,0.16669717,0.16916052,14.682712,52.85776,257.18198
186,1.0,74.49934,775.9766,0.16466245,0.16959192,14.699604,52.91857,258.6494
187,1.0,74.899864,776.793,0.15478554,0.1699896,14.716541,52.979546,260.11853
188,1.0,75.3004,777.5597,0.17230906,0.17035358,14.7335205,53.040672,261.58932
189,1.0,75.700935,778.2765,0.18391526,0.17068389,14.750538,53.101936,263.06183
190,1.0,76.10147,778.9435,0.17691092,0.17098057,14.76759,53.163322,264.53604
191,1.0,76.502,779.56067,0.17248905,0.17124362,14.784673,53.22482,266.01196
192,1.0,76.902534,780.128,0.18096326,0.17147312,14.801784,53.28642,267.48956
193,1.0,77.30307,780.64557,0.18003777,0.17166904,14.818919,53.348106,268.96887
194,1.0,77.703606,781.11334,0.16889279,0.17183143,14.836077,53.409874,270.44992
195,1.0,78.10414,781.53125,0.1576649,0.17196035,14.853251,53.471703,271.93268
196,1.0,78.50467,781.8994,0.18734244,0.17205578,14.870441,53.53359,273.41714
197,1.0,78.905205,782.2177,0.18098159,0.17211778,14.887642,53.59551,274.90332
198,1.0,79.30574,782.48627,0.17617477,0.17214637,14.904851,53.657463,276.39124
199,1.0,79.706276,782.70496,0.17433089,0.17214158,14.922064,53.71943,277.88086
200,1.0,80.10681,782.87384,0.1508671,0.17210343,14.939279,53.781403,279.3722
201,1.0,80.50734,782.9929,0.17790964,0.17203197,14.9564905,53.843365,280.86526
202,1.0,80.907875,783.06226,0.17566596,0.17192721,14.973698,53.90531,282.36005
203,1.0,81.30841,783.08167,0.17408088,0.17178918,14.990895,53.96722,283.85657
204,1.0,81.70895,783.05133,0.16449991,0.17161794,15.008081,54.02909,285.3548
205,1.0,82.10948,782.9712,0.16742621,0.17141347,15.025251,54.090904,286.85474
206,1.0,82.51001,782.84125,0.1687122,0.17117582,15.042403,54.15265,288.3564
207,1.0,82.910545,782.6615,0.17719145,0.17090504,15.059533,54.214317,289.8598
208,1.0,83.31108,782.4319,0.1661713,0.17060114,15.076637,54.275894,291.3649
209,1.0,83.71162,782.1635,0.17031032,0.17027152,15.093713,54.337364,292.8717
210,1.0,84.11215,781.87006,0.15846466,0.16992529,15.110757,54.398724,294.38022
211,1.0,84.51268,781.5515,0.16348943,0.1695625,15.127767,54.459957,295.89044
212,1.0,84.913216,781.2079,0.16689852,0.16918318,15.144741,54.521065,297.40237
213,1.0,85.31375,780.8392,0.16844329,0.16878733,15.161678,54.58204,298.916
214,1.0,85.71429,780.4454,0.18347041,0.16837499,15.178576,54.642876,300.4313
215,1.0,86.11482,780.0265,0.17422147,0.16794614,15.195435,54.703564,301.9483
216,1.0,86.51535,779.5825,0.15616848,0.16750082,15.212251,54.764103,303.467
217,1.0,86.915886,779.11346,0.17505354,0.16703905,15.229023,54.824482,304.9874
218,1.0,87.31642,778.6193,0.16932212,0.16656081,15.24575,54.8847,306.50946
219,1.0,87.71696,778.10016,0.16268314,0.16606618,15.26243,54.944748,308.0332
220,1.0,88.11749,777.55585,0.16888936,0.1655551,15.279061,55.00462,309.55862
221,1.0,88.51802,776.9865,0.1717444,0.16502765,15.295643,55.064312,311.0857
222,1.0,88.91856,776.392,0.1616002,0.1644838,15.312172,55.123817,312.61444
223,1.0,89.31909,775.7725,0.17400393,0.16392359,15.328648,55.18313,314.14484
224,1.0,89.71963,775.1279,0.15187867,0.16334702,15.345068,55.242245,315.67688
225,1.0,90.12016,774.45825,0.18078315,0.16275413,15.361431,55.30115,317.21057
226,1.0,90.52069,773.7635,0.15002717,0.16214493,15.377736,55.359848,318.7459
227,1.0,90.92123,773.04364,0.17605336,0.16151941,15.393981,55.41833,320.28287
228,1.0,91.32176,772.2987,0.14191024,0.16087762,15.410164,55.47659,321.82144
229,1.0,91.7223,771.5287,0.16969648,0.16021954,15.426284,55.534622,323.36166
230,1.0,92.12283,770.73364,0.16058062,0.15954521,15.442339,55.59242,324.90347
231,1.0,92.52336,769.91345,0.16494714,0.15885465,15.458327,55.64998,326.4469
232,1.0,92.9239,769.0682,0.17099752,0.15814786,15.474247,55.707287,327.99194
233,1.0,93.32443,768.1979,0.16678436,0.15742488,15.490097,55.764347,329.53857
234,1.0,93.72497,767.3025,0.15722638,0.1566857,15.505876,55.82115,331.0868
235,1.0,94.1255,766.38196,0.15426214,0.15593034,15.521581,55.87769,332.6366
236,1.0,94.52603,765.4364,0.14851074,0.15515882,15.537211,55.93396,334.18796
237,1.0,94.92657,764.46576,0.15179524,0.15437117,15.552766,55.989956,335.7409
238,1.0,95.3271,763.47003,0.14484312,0.15356739,15.568242,56.04567,337.2954
239,1.0,95.72764,762.4492,0.14661694,0.15274751,15.583639,56.1011,338.85147
240,1.0,96.128174,761.4033,0.15140276,0.15191151,15.598955,56.15624,340.40906
241,1.0,96.5287,760.33234,0.1651421,0.15105945,15.614188,56.211075,341.9682
242,1.0,96.92924,759.2363,0.14486438,0.15019134,15.629336,56.26561,343.52887
243,1.0,97.32977,758.1152,0.14342976,0.14930719,15.644399,56.319836,345.09103
244,1.0,97.73031,756.96893,0.13923143,0.148407,15.659373,56.37374,346.65472
245,1.0,98.130844,755.79767,0.15721771,0.1474908,15.674259,56.42733,348.2199
246,1.0,98.53137,754.60126,0.14339659,0.1465586,15.6890545,56.480595,349.7866
247,1.0,98.93191,753.3798,0.14981097,0.14561042,15.703757,56.533524,351.35477
248,1.0,99.33244,752.1333,0.13838139,0.14464629,15.718366,56.586117,352.9244
249,1.0,99.73298,750.8617,0.1318445,0.14366621,15.732879,56.638363,354.4955
250,1.0,100.133514,749.565,0.15291777,0.1426702,15.747294,56.690258,356.06808
251,1.0,100.53404,748.2432,0.13972014,0.14165828,15.761611,56.7418,357.6421
252,1.0,100.93458,746.89636,0.14235401,0.14063047,15.775827,56.792976,359.21753
253,1.0,101.33511,745.5244,0.13499705,0.13958676,15.789942,56.84379,360.7944
254,1.0,101.73565,744.1274,0.13315473,0.13852721,15.803952,56.894226,362.37268
255,1.0,102.136185,742.7053,0.13584818,0.13745181,15.817858,56.944286,363.95236
256,1.0,102.53671,741.2581,0.13754442,0.13636057,15.831656,56.99396,365.53345
257,1.0,102.93725,739.7858,0.15534814,0.13525353,15.845347,57.04325,367.11594
258,1.0,103.33778,738.2885,0.1306215,0.13413069,15.858928,57.09214,368.6998
259,1.0,103.73832,736.7661,0.14385034,0.13299207,15.872396,57.140625,370.285
260,1.0,104.138855,735.21857,0.13089862,0.13183768,15.885753,57.18871,371.87158
261,1.0,104.53938,733.646,0.14061995,0.13066754,15.898994,57.236378,373.4595
262,1.0,104.93992,732.04834,0.122955464,0.12948167,15.91212,57.28363,375.04874
263,1.0,105.340454,730.4256,0.119587526,0.1282801,15.925127,57.330456,376.63928
264,1.0,105.74099,728.7778,0.123266585,0.12706281,15.938015,57.376854,378.23114
265,1.0,106.141525,727.10486,0.12813815,0.12582986,15.950782,57.422813,379.8243
266,1.0,106.54205,725.4069,0.1085202,0.12458124,15.963427,57.468334,381.41876
267,1.0,106.94259,723.68384,0.10792877,0.123316966,15.975947,57.51341,383.01447
268,1.0,107.343124,721.93567,0.12243215,0.12203707,15.988342,57.55803,384.61142
269,1.0,107.74366,720.1625,0.12157541,0.12074155,16.00061,57.602196,386.20963
270,1.0,108.144196,718.36414,0.12405119,0.119430445,16.012749,57.645893,387.80908
271,1.0,108.54472,716.5408,0.107629105,0.11810375,16.024757,57.689125,389.40976
272,1.0,108.94526,714.6923,0.10739886,0.11676149,16.036634,57.731884,391.01163
273,1.0,109.345795,712.8188,0.113461085,0.11540368,16.048378,57.77416,392.6147
274,1.0,109.74633,710.9201,0.12070303,0.11403034,16.059986,57.81595,394.21893
275,1.0,110.146866,708.9964,0.118759654,0.112641506,16.071457,57.857243,395.82434
276,1.0,110.54739,707.0476,0.11465072,0.111237146,16.08279,57.898045,397.4309
277,1.0,110.94793,705.0738,0.12923943,0.10981732,16.093985,57.938343,399.03864
278,1.0,111.348465,703.0748,0.087207675,0.10838201,16.105038,57.978134,400.64746
279,1.0,111.749,701.0508,0.11209771,0.106931254,16.115948,58.01741,402.25742
280,1.0,112.149536,699.00165,0.10262018,0.10546509,16.126713,58.056164,403.86847
281,1.0,112.550064,696.9275,0.10560479,0.10398349,16.137333,58.0944,405.4806
282,1.0,112.9506,694.8282,0.091894604,0.10248649,16.147806,58.1321,407.09378
283,1.0,113.351135,692.70386,0.10604399,0.10097412,16.158129,58.169262,408.70804
284,1.0,113.75167,690.55444,0.08887836,0.09944637,16.168303,58.205887,410.32333
285,1.0,114.15221,688.37994,0.095143504,0.097903274,16.178324,58.241962,411.93967
286,1.0,114.552734,686.1803,0.09235272,0.09634484,16.18819,58.277485,413.557
287,1.0,114.95327,683.9556,0.10478451,0.09477112,16.197903,58.312447,415.17532
288,1.0,115.353806,681.7059,0.08501158,0.09318207,16.207458,58.346848,416.79462
289,1.0,115.75434,679.431,0.09717223,0.09157773,16.216856,58.38068,418.4149
290,1.0,116.15488,677.13116,0.07131759,0.089958146,16.226093,58.413933,420.0361
291,1.0,116.555405,674.80615,0.082071595,0.08832329,16.23517,58.446613,421.65826
292,1.0,116.95594,672.46967,0.0820834,0.08668226,16.244085,58.478706,423.28134
293,1.0,117.356476,670.1582,0.08292498,0.08505939,16.252836,58.51021,424.9053
294,1.0,117.75701,667.8738,0.08795166,0.08345606,16.261423,58.541122,426.53015
295,1.0,118.15755,665.61633,0.07485835,0.081872225,16.26985,58.571457,428.15585
296,1.0,118.558075,663.386,0.06682675,0.08030786,16.278116,58.601215,429.7824
297,1.0,118.95861,661.1826,0.08009406,0.078762986,16.286224,58.630405,431.40982
298,1.0,119.359146,659.00635,0.08588047,0.07723753,16.294178,58.65904,433.03802
299,1.0,119.75968,656.85706,0.06896873,0.07573154,16.301977,58.687115,434.66705
300,1.0,120.16022,654.7348,0.07509952,0.07424494,16.309626,58.71465,436.29688
301,1.0,120.560745,652.6396,0.08081232,0.07277773,16.317125,58.74165,437.92746
302,1.0,120.96128,650.5714,0.08572747,0.071329914,16.324476,58.768112,439.5588
303,1.0,121.36182,648.5302,0.07061115,0.06990146,16.331682,58.794056,441.1909
304,1.0,121.76235,646.5161,0.07064086,0.06849237,16.338743,58.819473,442.8237
305,1.0,122.16289,644.529,0.07438224,0.06710259,16.345663,58.844387,444.4572
306,1.0,122.563416,642.5689,0.05291064,0.06573213,16.352444,58.868797,446.09143
307,1.0,122.96395,640.63586,0.07090988,0.06438097,16.359085,58.892704,447.72635
308,1.0,123.36449,638.72986,0.08716263,0.063049085,16.365591,58.916126,449.36194
309,1.0,123.76502,636.8509,0.072423786,0.06173646,16.371964,58.939068,450.99817
310,1.0,124.16556,634.99896,0.059801344,0.060443096,16.378202,58.96153,452.63504
311,1.0,124.566086,633.1741,0.046234913,0.059168953,16.384312,58.98352,454.27255
312,1.0,124.96662,631.37616,0.06388044,0.057914026,16.390293,59.005054,455.91068
313,1.0,125.36716,629.6053,0.053663418,0.056678306,16.396147,59.026127,457.5494
314,1.0,125.76769,627.8615,0.060633995,0.05546175,16.401876,59.046753,459.18872
315,1.0,126.16822,626.1447,0.038867317,0.05426435,16.407484,59.06694,460.8286
316,1.0,126.568756,624.45496,0.06870849,0.053086117,16.41297,59.08669,462.4691
317,1.0,126.96929,622.7922,0.052468978,0.051927,16.418337,59.10601,464.1101
318,1.0,127.36983,621.1565,0.06875307,0.050786994,16.423588,59.124916,465.75168
319,1.0,127.77036,619.5478,0.059754323,0.04966607,16.428724,59.143406,467.39377
320,1.0,128.1709,617.9662,0.0664157,0.04856423,16.433746,59.161484,469.03638
321,1.0,128.57143,616.41156,0.059848446,0.04748146,16.438658,59.179165,470.6795
322,1.0,128.97197,614.884,0.038982373,0.04641771,16.44346,59.196457,472.32312
323,1.0,129.3725,613.3834,0.037103128,0.04537299,16.448156,59.21336,473.96722
324,1.0,129.77303,611.9099,0.05560039,0.044347275,16.452745,59.22988,475.61182
325,1.0,130.17357,610.46344,0.058245763,0.043340556,16.457232,59.246033,477.25687
326,1.0,130.5741,609.04395,0.056683872,0.0423528,16.461617,59.261818,478.90237
327,1.0,130.97464,607.65155,0.061059866,0.041384023,16.4659,59.27724,480.5483
328,1.0,131.37517,606.28613,0.03163316,0.04043416,16.470087,59.292313,482.19467
329,1.0,131.7757,604.9478,0.033473197,0.039503224,16.474178,59.30704,483.84146
330,1.0,132.17624,603.6365,0.036415428,0.03859118,16.478176,59.321434,485.48868
331,1.0,132.57677,602.3522,0.038181953,0.037698038,16.48208,59.335487,487.1363
332,1.0,132.97731,601.09485,0.04730605,0.036823757,16.485895,59.34922,488.7843
333,1.0,133.37784,599.8646,0.048410386,0.035968315,16.489622,59.362637,490.4327
334,1.0,133.77837,598.66144,0.032056633,0.035131715,16.493261,59.37574,492.08148
335,1.0,134.17891,597.4852,0.026800288,0.034313925,16.496817,59.38854,493.73062
336,1.0,134.57944,596.33606,0.023366593,0.033514958,16.500288,59.401035,495.38013
337,1.0,134.97998,595.2139,0.021674065,0.032734744,16.50368,59.413242,497.02997
338,1.0,135.38051,594.11884,0.035330564,0.031973302,16.506992,59.42517,498.68018
339,1.0,135.78104,593.0508,0.034224246,0.031230604,16.510227,59.436817,500.33072
340,1.0,136.18158,592.00977,0.026723923,0.030506644,16.513388,59.448193,501.98157
341,1.0,136.5821,590.9958,0.029391421,0.029801395,16.516474,59.459305,503.63275
342,1.0,136.98265,590.0088,0.02825583,0.029114826,16.51949,59.47016,505.28424
343,1.0,137.38318,589.0489,0.018308569,0.028446948,16.522434,59.480762,506.93604
344,1.0,137.7837,588.11597,0.028884687,0.027797727,16.525312,59.491123,508.58813
345,1.0,138.18425,587.2101,0.042756915,0.027167143,16.528124,59.501244,510.2405
346,1.0,138.58478,586.33124,0.030041974,0.026555175,16.530872,59.51114,511.8932
347,1.0,138.98532,585.47943,0.0324761,0.025961818,16.533558,59.520805,513.54614
348,1.0,139.38585,584.6546,0.022086293,0.025387045,16.536184,59.530262,515.19934
349,1.0,139.78638,583.8569,0.030941255,0.024830857,16.538752,59.539505,516.85284
350,1.0,140.18692,583.0861,0.03764274,0.024293222,16.541262,59.548542,518.5066
351,1.0,140.58745,582.34247,0.035342567,0.023774108,16.543718,59.557384,520.1606
352,1.0,140.98799,581.6258,0.024432458,0.023273522,16.546122,59.566036,521.8148
353,1.0,141.38852,580.93616,0.030175952,0.022791443,16.548473,59.5745,523.4693
354,1.0,141.78905,580.27356,0.024865579,0.022327831,16.550777,59.582798,525.124
355,1.0,142.18959,579.638,0.020097082,0.021882696,16.553034,59.59092,526.779
356,1.0,142.59012,579.0294,0.025238423,0.02145601,16.555244,59.598877,528.4342
357,1.0,142.99066,578.44794,0.014092311,0.021047762,16.557411,59.606678,530.0896
358,1.0,143.39119,577.89343,0.01682946,0.020657923,16.559536,59.614326,531.74524
359,1.0,143.79172,577.36597,0.017065153,0.02028649,16.56162,59.621834,533.40106
360,1.0,144.19226,576.8656,0.02678081,0.01993343,16.563667,59.6292,535.0571
361,1.0,144.59279,576.3922,0.015550067,0.01959874,16.565678,59.636436,536.7134
362,1.0,144.99333,575.9458,0.015390183,0.019282391,16.567654,59.64355,538.3699
363,1.0,145.39386,575.5265,0.014395043,0.018984376,16.569597,59.650547,540.02655
364,1.0,145.79439,575.1342,0.009132115,0.01870466,16.57151,59.657436,541.6834
365,1.0,146.19493,574.7689,0.03426039,0.018443232,16.573395,59.66422,543.34045
366,1.0,146.59546,574.4307,0.043164764,0.01820009,16.575253,59.670906,544.9977
367,1.0,146.996,574.1195,0.01789699,0.01797519,16.577085,59.677505,546.6551
368,1.0,147.39653,573.8353,0.025792427,0.017768554,16.578894,59.684017,548.3127
369,1.0,147.79706,573.5782,0.016297057,0.017580133,16.58068,59.69045,549.97046
370,1.0,148.1976,573.3481,0.014779607,0.01740992,16.582449,59.696815,551.6284
371,1.0,148.59813,573.14496,-0.0018024497,0.017257892,16.584198,59.70311,553.28656
372,1.0,148.99867,572.96893,0.021812007,0.017124038,16.585932,59.709354,554.9449
373,1.0,149.3992,572.8199,0.017989323,0.017008344,16.58765,59.715538,556.6034
374,1.0,149.79973,572.6979,0.026268676,0.016910775,16.589357,59.721684,558.2621
375,1.0,150.20027,572.60406,0.012828899,0.016832106,16.591053,59.72779,559.92096
376,1.0,150.6008,572.5453,0.002719521,0.016776836,16.592741,59.733868,561.57996
377,1.0,151.00133,572.52264,0.010335289,0.016745767,16.594421,59.739914,563.23914
378,1.0,151.40187,572.53613,0.012062945,0.016738819,16.596098,59.745953,564.8985
379,1.0,151.8024,572.5858,0.028325064,0.016756002,16.597773,59.75198,566.55804
380,1.0,152.20294,572.67163,0.025677346,0.01679728,16.599447,59.758007,568.2177
381,1.0,152.60347,572.79364,0.012727615,0.01686264,16.601126,59.76405,569.87756
382,1.0,153.004,572.9518,0.0053077764,0.016952071,16.602808,59.770107,571.5376
383,1.0,153.40454,573.1461,0.008737662,0.017065525,16.604498,59.77619,573.1978
384,1.0,153.80507,573.3766,0.012123477,0.017202964,16.6062,59.782314,574.85815
385,1.0,154.20561,573.6432,0.017122854,0.01736442,16.607912,59.788483,576.5187
386,1.0,154.60614,573.946,0.020660624,0.017549828,16.60964,59.794704,578.1794
387,1.0,155.00667,574.2849,0.0047399434,0.017759178,16.611385,59.800987,579.8403
388,1.0,155.40721,574.66003,0.028039984,0.017992435,16.613152,59.807343,581.50134
389,1.0,155.80774,575.0713,0.019492486,0.01824959,16.614939,59.813778,583.1626
390,1.0,156.20828,575.51874,0.015234664,0.018530607,16.61675,59.8203,584.824
391,1.0,156.60881,576.0023,0.0146572925,0.018835485,16.61859,59.82692,586.48553
392,1.0,157.00934,576.52203,0.023802739,0.01916417,16.620459,59.83365,588.1473
393,1.0,157.40988,577.07794,0.03414151,0.019516679,16.622358,59.84049,589.8092
394,1.0,157.81041,577.67004,0.025171842,0.01989296,16.624292,59.84745,591.4714
395,1.0,158.21095,578.2982,0.028977634,0.020292997,16.626263,59.854546,593.1337
396,1.0,158.61148,578.96265,0.01187435,0.020716777,16.628271,59.861774,594.79626
397,1.0,159.01201,579.66315,0.020450952,0.021164265,16.630322,59.869156,596.459
398,1.0,159.41255,580.39984,0.02973299,0.021635426,16.632416,59.876694,598.1219
399,1.0,159.81308,581.1727,0.023437237,0.02213028,16.634556,59.8844,599.78503
400,1.0,160.21362,581.98175,0.038162086,0.02264876,16.636744,59.892277,601.44836
401,1.0,160.61415,582.8269,0.033604477,0.023190862,16.638983,59.900337,603.11194
402,1.0,161.01468,583.70825,0.028346654,0.023756562,16.641275,59.90859,604.7757
403,1.0,161.41522,584.62573,0.023619117,0.024345832,16.643623,59.91704,606.4397
404,1.0,161.81575,585.57935,0.018847417,0.024958653,16.646029,59.9257,608.10394
405,1.0,162.2163,586.56915,0.022424959,0.025595028,16.648493,59.934574,609.76843
406,1.0,162.61682,587.59515,0.0453158,0.026254896,16.65102,59.943672,611.43317
407,1.0,163.01735,588.6573,0.01586398,0.026938245,16.653612,59.953003,613.09814
408,1.0,163.4179,589.75555,0.023310246,0.027645078,16.656271,59.962574,614.76337
409,1.0,163.81842,590.89,0.027762385,0.028375326,16.659,59.9724,616.42883
410,1.0,164.21896,592.0606,0.009795739,0.02912899,16.661802,59.982487,618.0946
411,1.0,164.61949,593.2674,0.005211259,0.029906055,16.664677,59.992836,619.7606
412,1.0,165.02002,594.5103,0.021941278,0.030706484,16.66763,60.003464,621.42694
413,1.0,165.42056,595.78937,0.021425499,0.031530272,16.67066,60.014374,623.09357
414,1.0,165.82109,597.1046,0.04380382,0.032377392,16.67377,60.025574,624.7605
415,1.0,166.22163,598.456,0.03697096,0.033247817,16.676966,60.037075,626.42773
416,1.0,166.62216,599.84357,0.031715415,0.034141514,16.680246,60.048885,628.0953
417,1.0,167.02269,601.2673,0.039890863,0.035058457,16.683617,60.06102,629.7631
418,1.0,167.42323,602.7272,0.022585962,0.035998654,16.687077,60.073475,631.43134
419,1.0,167.82376,604.2232,0.028545003,0.03696205,16.69063,60.086266,633.09985
420,1.0,168.2243,605.75543,0.050518353,0.03794864,16.694279,60.099403,634.76874
421,1.0,168.62483,607.3237,0.037807122,0.038958393,16.698025,60.11289,636.438
422,1.0,169.02536,608.9283,0.04604644,0.0399913,16.70187,60.12673,638.1076
423,1.0,169.4259,610.569,0.036684405,0.04104733,16.705818,60.140945,639.7776
424,1.0,169.82643,612.2458,0.057007458,0.042126466,16.70987,60.15553,641.448
425,1.0,170.22697,613.95874,0.04392583,0.043228667,16.714027,60.170498,643.1188
426,1.0,170.6275,615.7079,0.04890293,0.04435392,16.718296,60.185863,644.79
427,1.0,171.02803,617.4932,0.043473087,0.045502223,16.722675,60.20163,646.4616
428,1.0,171.42857,619.3147,0.043258265,0.0466735,16.727169,60.217808,648.13367
429,1.0,171.8291,621.1723,0.041020744,0.047867797,16.731777,60.234398,649.80615
430,1.0,172.22964,623.0661,0.05267044,0.049085055,16.736504,60.25141,651.4791
431,1.0,172.63017,624.99603,0.043354828,0.050325233,16.741352,60.268867,653.1525
432,1.0,173.0307,626.96216,0.0465487,0.05158834,16.746323,60.28676,654.8264
433,1.0,173.43124,628.9644,0.050741266,0.05287434,16.75142,60.305107,656.5008
434,1.0,173.83177,631.0028,0.050234128,0.05418322,16.756641,60.323906,658.17566
435,1.0,174.23232,633.0774,0.05846457,0.05551496,16.761993,60.343174,659.8511
436,1.0,174.63284,635.1882,0.039988946,0.056869507,16.767479,60.362923,661.527
437,1.0,175.03337,637.3351,0.058628615,0.05824686,16.773098,60.383152,663.2034
438,1.0,175.43391,639.5181,0.060187034,0.059646986,16.778854,60.403873,664.88043
439,1.0,175.83444,641.7373,0.0656963,0.061069876,16.78475,60.4251,666.55804
440,1.0,176.23499,643.9927,0.07477913,0.06251549,16.790787,60.44683,668.2362
441,1.0,176.63551,646.28424,0.04117725,0.063983835,16.796967,60.469078,669.915
442,1.0,177.03604,648.61194,0.06352591,0.06547486,16.803291,60.491848,671.59436
443,1.0,177.43658,650.97577,0.07888505,0.06698854,16.809765,60.515152,673.27435
444,1.0,177.83711,653.3758,0.08618757,0.0685249,16.816387,60.538994,674.955
445,1.0,178.23766,655.81195,0.0686954,0.07008386,16.823162,60.56338,676.63635
446,1.0,178.63818,658.2843,0.06128124,0.071665406,16.830093,60.588333,678.31836
447,1.0,179.03871,660.7928,0.09056036,0.07326953,16.837181,60.61385,680.00104
448,1.0,179.43925,663.33746,0.07525639,0.07489622,16.844427,60.639935,681.6844
449,1.0,179.83978,665.9183,0.077876955,0.0765454,16.851835,60.666607,683.36847
450,1.0,180.24033,668.5352,0.060740307,0.078217104,16.859407,60.693867,685.0533
451,1.0,180.64085,671.18835,0.08782001,0.0799113,16.867146,60.72172,686.73883
452,1.0,181.04138,673.8776,0.0718947,0.081627935,16.875051,60.750183,688.4252
453,1.0,181.44193,676.6031,0.07915911,0.083367005,16.88313,60.779263,690.1123
454,1.0,181.84245,679.3647,0.07367188,0.08512849,16.891378,60.80896,691.80023
455,1.0,182.243,682.1624,0.084984854,0.086912364,16.899803,60.83929,693.48895
456,1.0,182.64352,684.99634,0.11531231,0.088718586,16.908405,60.87026,695.1785
457,1.0,183.04405,687.86646,0.091671646,0.09054715,16.917187,60.90187,696.86896
458,1.0,183.4446,690.76184,0.10044644,0.09239084,16.92615,60.934135,698.56024
459,1.0,183.84512,693.4864,0.09421843,0.094118744,16.935297,60.967068,700.2524
460,1.0,184.24567,695.9669,0.10767564,0.09568225,16.944622,61.000637,701.94543
461,1.0,184.6462,698.2034,0.08119049,0.09708144,16.954113,61.034805,703.6394
462,1.0,185.04672,700.196,0.108386375,0.09831653,16.96375,61.0695,705.33435
463,1.0,185.44727,701.9446,0.10295898,0.09938762,16.97352,61.10467,707.0303
464,1.0,185.8478,703.44916,0.10355335,0.1002949,16.983406,61.14026,708.7271
465,1.0,186.24834,704.7098,0.09114049,0.10103852,16.993391,61.176205,710.425
466,1.0,186.64886,705.7264,0.097139694,0.10161864,17.003458,61.21245,712.12384
467,1.0,187.0494,706.499,0.09813252,0.1020354,17.013592,61.248928,713.82367
468,1.0,187.44994,707.02765,0.11368032,0.10228898,17.023775,61.285587,715.52454
469,1.0,187.85046,707.3123,0.09640954,0.102379546,17.03399,61.322365,717.2264
470,1.0,188.251,707.35297,0.111812145,0.102307245,17.044224,61.359203,718.92926
471,1.0,188.65154,707.14966,0.10233861,0.10207221,17.054459,61.39605,720.6332
472,1.0,189.05206,706.7024,0.10427334,0.10167462,17.064678,61.43284,722.33813
473,1.0,189.4526,706.0111,0.098514825,0.10111464,17.074865,61.469513,724.04407
474,1.0,189.85313,705.07587,0.108771026,0.10039242,17.085005,61.506016,725.75104
475,1.0,190.25368,703.8966,0.08002746,0.09950814,17.09508,61.542286,727.45905
476,1.0,190.6542,702.4733,0.105397485,0.098461926,17.105074,61.578266,729.168
477,1.0,191.05473,700.80615,0.08929912,0.09725395,17.114973,61.613903,730.87805
478,1.0,191.45528,698.89496,0.08749015,0.09588436,17.12476,61.64913,732.58905
479,1.0,191.8558,696.73975,0.08301986,0.09435335,17.134417,61.6839,734.301
480,1.0,192.25635,694.3406,0.091121405,0.092661045,17.143929,61.71814,736.014
481,1.0,192.65688,691.69745,0.110359155,0.090807624,17.153278,61.7518,737.7279
482,1.0,193.0574,688.8103,0.080223,0.088793226,17.162453,61.78483,739.44275
483,1.0,193.45795,685.67914,0.075003505,0.08661804,17.171432,61.817154,741.1585
484,1.0,193.85847,682.304,0.0606195,0.0842822,17.180202,61.84873,742.8752
485,1.0,194.25902,678.68494,0.06498196,0.08178588,17.188747,61.87949,744.5928
486,1.0,194.65955,674.82184,0.073183596,0.07912924,17.19705,61.909378,746.3112
487,1.0,195.06007,670.7148,0.07943134,0.07631244,17.205095,61.938343,748.0305
488,1.0,195.46062,666.3638,0.074616894,0.07333562,17.212868,61.966324,749.7506
489,1.0,195.86115,661.76874,0.05458955,0.070198946,17.22035,61.99326,751.4715
490,1.0,196.26169,656.9297,0.059716918,0.06690259,17.227528,62.019096,753.1932
491,1.0,196.66222,651.8467,0.08418381,0.063446715,17.234383,62.043777,754.9156
492,1.0,197.06274,646.5197,0.07325395,0.059831485,17.2409,62.067238,756.6387
493,1.0,197.46329,640.9487,0.060272668,0.056057025,17.247065,62.08943,758.3624
494,1.0,197.86382,635.1337,0.060061987,0.052123528,17.25286,62.11029,760.08685
495,1.0,198.26436,629.0748,0.0481328,0.04803114,17.258268,62.129765,761.8118
496,1.0,198.66489,622.77185,0.029446052,0.04378003,17.263275,62.14779,763.5374
497,1.0,199.06541,616.225,0.028386425,0.039370336,17.267866,62.164318,765.2635
498,1.0,199.46596,609.4341,0.03832907,0.034802243,17.272024,62.179287,766.99005
499,1.0,199.86649,602.3992,0.020846775,0.030075895,17.275732,62.192635,768.71704
500,1.0,200.26703,595.1203,0.041112933,0.025191441,17.278976,62.204315,770.44446
501,1.0,200.66756,587.5975,0.024982717,0.020149045,17.28174,62.214264,772.1722
502,1.0,201.06808,579.8306,0.021552056,0.014948861,17.284008,62.222427,773.9002
503,1.0,201.46863,571.81976,-0.006521047,0.0095910635,17.285763,62.228745,775.6285
504,1.0,201.86916,563.565,0.005154996,0.0040758066,17.28699,62.23316,777.357
505,1.0,202.2697,555.06616,0.0033709242,-0.0015967698,17.287672,62.23562,779.08563
506,1.0,202.67023,546.3234,-0.010721375,-0.007426503,17.287796,62.236065,780.8144
507,1.0,203.07076,537.3367,-0.01447865,-0.013413237,17.287344,62.234436,782.54315
508,1.0,203.4713,528.1059,-0.04275381,-0.019556824,17.286303,62.230686,784.2719
509,1.0,203.87183,518.63116,-0.03162411,-0.025857124,17.284655,62.224754,786.0006
510,1.0,204.27237,508.91245,-0.008973603,-0.032313958,17.282385,62.216583,787.7292
511,1.0,204.6729,498.94974,-0.03141218,-0.03892719,17.279476,62.206112,789.4575
512,1.0,205.07343,488.74304,-0.04409639,-0.045696646,17.275913,62.193287,791.1856
513,1.0,205.47397,478.2924,-0.054711938,-0.0526222,17.271683,62.178055,792.9134
514,1.0,205.8745,467.59772,-0.06791299,-0.059703704,17.266768,62.160362,794.64075
515,1.0,206.27504,456.6591,-0.068369545,-0.06694097,17.26115,62.14014,796.3677
516,1.0,206.67557,445.47644,-0.094286114,-0.07433389,17.254818,62.117344,798.09406
517,1.0,207.0761,434.04984,-0.07424589,-0.08188233,17.247755,62.091915,799.8198
518,1.0,207.47664,422.37924,-0.08593462,-0.08958612,17.239944,62.063797,801.545
519,1.0,207.87717,410.46466,-0.08669275,-0.09744509,17.23137,62.032932,803.26935
520,1.0,208.27771,398.3061,-0.1006705,-0.105459146,17.22202,61.999268,804.9929
521,1.0,208.67824,385.90353,-0.11530337,-0.11362811,17.211874,61.962746,806.7156
522,1.0,209.07877,373.25702,-0.10429732,-0.12195188,17.20092,61.92331,808.43726
523,1.0,209.47931,360.3665,-0.12029831,-0.13043027,17.18914,61.880905,810.1579
524,1.0,209.87984,347.232,-0.12804879,-0.13906316,17.176521,61.835476,811.8774
525,1.0,210.28038,333.8535,-0.13536008,-0.14785044,17.163046,61.786964,813.59564
526,1.0,210.68091,320.23102,-0.18753675,-0.15679194,17.1487,61.73532,815.3126
527,1.0,211.08144,306.36456,-0.1785481,-0.16588753,17.133469,61.680485,817.0282
528,1.0,211.48198,292.25412,-0.17265542,-0.1751371,17.117334,61.622402,818.7423
529,1.0,211.8825,277.8997,-0.17726228,-0.18454051,17.100283,61.561016,820.45483
530,1.0,212.28305,263.30127,-0.20471908,-0.19409761,17.082298,61.496273,822.1657
531,1.0,212.68358,248.45886,-0.21471277,-0.2038083,17.063366,61.428116,823.8748
532,1.0,213.0841,233.37247,-0.20853704,-0.21367246,17.04347,61.35649,825.5821
533,1.0,213.48465,218.0421,-0.23157993,-0.22368993,17.022596,61.281345,827.2874
534,1.0,213.88518,202.46774,-0.23378034,-0.23386064,17.000729,61.20262,828.9907
535,1.0,214.28572,186.64941,-0.250692,-0.24418443,16.977852,61.120266,830.6919
536,1.0,214.68625,170.58708,-0.2347347,-0.2546612,16.953949,61.034214,832.3908
537,1.0,215.08678,154.28078,-0.27123082,-0.26529086,16.929007,60.944424,834.0874
538,1.0,215.48732,137.73048,-0.26571178,-0.27607322,16.90301,60.850834,835.78156
539,1.0,215.88785,120.9362,-0.29655975,-0.28700826,16.87594,60.753384,837.47314
540,1.0,216.28839,103.897934,-0.28337458,-0.2980958,16.847786,60.652027,839.1621
541,1.0,216.68892,86.61666,-0.2954611,-0.30933514,16.818531,60.54671,840.84827
542,1.0,217.08945,69.441635,-0.3320604,-0.32049334,16.78816,60.437374,842.53156
543,1.0,217.48999,52.654785,-0.3247971,-0.3313824,16.756668,60.324005,844.2119
544,1.0,217.89052,36.25612,-0.33624086,-0.34200257,16.724073,60.20666,845.88916
545,1.0,218.29106,20.245628,-0.34852967,-0.35235417,16.690405,60.085457,847.5632
546,1.0,218.69159,4.6233187,-0.3629357,-0.36243752,16.655687,59.960472,849.2339
547,1.0,219.09212,-10.610811,-0.3646177,-0.37225288,16.619947,59.83181,850.9012
548,1.0,219.49266,-25.456762,-0.38516864,-0.38180056,16.583214,59.69957,852.56494
549,1.0,219.89319,-39.91453,-0.381408,-0.3910809,16.545511,59.56384,854.2251
550,1.0,220.29373,-53.984123,-0.40808824,-0.40009415,16.506866,59.424717,855.88153
551,1.0,220.69426,-67.665535,-0.38464054,-0.4088407,16.467308,59.282307,857.5342
552,1.0,221.09479,-80.95877,-0.41964987,-0.41732073,16.42686,59.136696,859.18286
553,1.0,221.49533,-93.86382,-0.4150303,-0.42553464,16.385553,58.98799,860.8276
554,1.0,221.89586,-106.3807,-0.42645028,-0.43348268,16.34341,58.836277,862.4682
555,1.0,222.2964,-118.50939,-0.43800613,-0.44116518,16.300459,58.681652,864.1047
556,1.0,222.69693,-130.24991,-0.4438911,-0.4485824,16.256727,58.524216,865.7369
557,1.0,223.09746,-141.60223,-0.47344935,-0.4557347,16.21224,58.364063,867.36475
558,1.0,223.498,-152.56639,-0.47067785,-0.46262228,16.167025,58.201286,868.9882
559,1.0,223.89853,-163.14236,-0.46731186,-0.4692455,16.121107,58.035984,870.6072
560,1.0,224.29907,-173.33017,-0.45935425,-0.4756046,16.074514,57.86825,872.22156
561,1.0,224.6996,-183.12979,-0.48108765,-0.48169988,16.027271,57.698174,873.83136
562,1.0,225.10013,-192.54123,-0.4871216,-0.48753166,15.979406,57.52586,875.43646
563,1.0,225.50067,-201.56448,-0.49842763,-0.49310023,15.930944,57.3514,877.0368
564,1.0,225.9012,-210.19955,-0.50849026,-0.4984058,15.881913,57.174885,878.6323
565,1.0,226.30174,-218.44646,-0.51523715,-0.5034487,15.832338,56.996418,880.22296
566,1.0,226.70227,-226.30518,-0.51548994,-0.50822926,15.782246,56.816082,881.80865
567,1.0,227.1028,-233.77571,-0.5052036,-0.51274765,15.731662,56.63398,883.3894
568,1.0,227.50334,-240.85808,-0.5178972,-0.51700413,15.680613,56.450203,884.9651
569,1.0,227.90387,-247.55226,-0.527996,-0.5209991,15.629125,56.264847,886.5357
570,1.0,228.30441,-253.85826,-0.531895,-0.52473277,15.577225,56.078007,888.1012
571,1.0,228.70494,-259.7761,-0.52587754,-0.52820534,15.524939,55.88978,889.6615
572,1.0,229.10547,-265.30573,-0.53089356,-0.53141713,15.472292,55.70025,891.2166
573,1.0,229.50601,-270.44717,-0.5441745,-0.53436846,15.419311,55.509518,892.7665
574,1.0,229.90654,-275.20047,-0.53521216,-0.5370594,15.366021,55.317677,894.31104
575,1.0,230.30708,-279.56558,-0.5468434,-0.53949046,15.312449,55.124817,895.8503
576,1.0,230.70761,-283.5425,-0.54104704,-0.5416617,15.258622,54.931038,897.3842
577,1.0,231.10814,-287.13126,-0.5368184,-0.5435734,15.204564,54.73643,898.9128
578,1.0,231.50868,-290.33182,-0.54823637,-0.54522586,15.150302,54.541084,900.4359
579,1.0,231.90921,-293.1442,-0.5575016,-0.5466193,15.095862,54.345104,901.9537
580,1.0,232.30975,-295.5684,-0.55460197,-0.54775393,15.04127,54.14857,903.466
581,1.0,232.71028,-297.60443,-0.5563912,-0.54863006,14.986551,53.951584,904.97284
582,1.0,233.11081,-299.2523,-0.5705231,-0.54924786,14.931732,53.754234,906.47424
583,1.0,233.51135,-300.51193,-0.56485605,-0.54960763,14.876839,53.556618,907.97015
584,1.0,233.91188,-301.38342,-0.55314,-0.54970956,14.821896,53.35882,909.4606
585,1.0,234.31242,-301.86673,-0.5443115,-0.5495539,14.76693,53.160946,910.9455
586,1.0,234.71295,-301.96188,-0.57274526,-0.54914075,14.7119665,52.963078,912.4249
587,1.0,235.11348,-301.66882,-0.5341069,-0.5484705,14.657032,52.765312,913.89886
588,1.0,235.51402,-300.98758,-0.5536636,-0.5475433,14.602152,52.567745,915.3673
589,1.0,235.91455,-299.91818,-0.54025334,-0.54635936,14.547351,52.37046,916.83026
590,1.0,236.3151,-298.4606,-0.53506845,-0.5449189,14.492656,52.17356,918.2877
591,1.0,236.71562,-296.61484,-0.56437415,-0.5432221,14.438092,51.97713,919.73975
592,1.0,237.11615,-294.3809,-0.55183816,-0.54126924,14.383685,51.781265,921.1863
593,1.0,237.5167,-291.75876,-0.5328946,-0.53906053,14.32946,51.586056,922.6274
594,1.0,237.91722,-288.74844,-0.5072511,-0.5365961,14.275444,51.391598,924.06305
595,1.0,238.31776,-285.34995,-0.5357145,-0.5338762,14.221662,51.19798,925.4933
596,1.0,238.71829,-281.5633,-0.5369557,-0.53090096,14.168138,51.005295,926.91815
597,1.0,239.11882,-277.38846,-0.53896356,-0.5276706,14.114899,50.813633,928.33765
598,1.0,239.51936,-272.8254,-0.54073465,-0.5241854,14.06197,50.62309,929.7518
599,1.0,239.91989,-267.8742,-0.521146,-0.5204455,14.009377,50.433754,931.1606
600,1.0,240.32043,-262.53482,-0.53907263,-0.51645106,13.957145,50.24572,932.56415
601,1.0,240.72096,-256.80728,-0.5030566,-0.51220226,13.9053,50.05908,933.96246
602,1.0,241.12149,-250.69153,-0.49762508,-0.5076993,13.853868,49.87392,935.3556
603,1.0,241.52203,-244.1876,-0.50303775,-0.50294244,13.802873,49.690342,936.7435
604,1.0,241.92256,-237.2955,-0.49743968,-0.49793172,13.75234,49.508423,938.12634
605,1.0,242.3231,-230.01523,-0.5085817,-0.49266738,13.702296,49.328266,939.5041
606,1.0,242.72363,-222.34677,-0.4887816,-0.4871496,13.652766,49.149956,940.87683
607,1.0,243.12416,-214.29013,-0.45539105,-0.48137853,13.603775,48.973587,942.24457
608,1.0,243.5247,-205.8453,-0.4784486,-0.47535437,13.555348,48.79925,943.6074
609,1.0,243.92523,-197.0123,-0.47336584,-0.4690773,13.507512,48.62704,944.9654
610,1.0,244.32578,-187.79112,-0.47536185,-0.46254742,13.460291,48.457047,946.31854
611,1.0,244.7263,-178.18176,-0.4604226,-0.45576495,13.41371,48.289352,947.66693
612,1.0,245.12683,-168.18423,-0.44213843,-0.44873002,13.367794,48.124058,949.0106
613,1.0,245.52737,-157.79851,-0.4312843,-0.44144282,13.322569,47.961246,950.3497
614,1.0,245.9279,-147.02461,-0.44569707,-0.4339035,13.27806,47.801014,951.6842
615,1.0,246.32845,-135.86253,-0.42152256,-0.4261122,13.234293,47.64345,953.0142
616,1.0,246.72897,-124.31229,-0.4146918,-0.41806912,13.191292,47.488647,954.33984
617,1.0,247.1295,-112.37385,-0.40292734,-0.40977436,13.149083,47.336697,955.66113
618,1.0,247.53004,-100.04723,-0.39329457,-0.4012281,13.107691,47.187687,956.97815
619,1.0,247.93057,-87.33244,-0.38792574,-0.3924305,13.067141,47.041706,958.291
620,1.0,248.33112,-74.22947,-0.38190436,-0.3833817,13.027457,46.898846,959.59973
621,1.0,248.73164,-60.738316,-0.39967594,-0.37408188,12.988667,46.759197,960.9045
622,1.0,249.13217,-46.858982,-0.36222777,-0.36453113,12.950793,46.622856,962.20526
623,1.0,249.53271,-32.59147,-0.35162234,-0.35472965,12.913862,46.489902,963.50226
624,1.0,249.93324,-17.935778,-0.35222524,-0.34467757,12.877899,46.360435,964.7955
625,1.0,250.33377,-3.088926,-0.3244572,-0.33450642,12.842929,46.234543,966.0851
626,1.0,250.73431,11.586591,-0.32147375,-0.32445788,12.8089695,46.11229,967.37115
627,1.0,251.13484,26.082895,-0.30844653,-0.31453723,12.776021,45.993675,968.65375
628,1.0,251.53539,40.399986,-0.30984056,-0.30474427,12.744071,45.878654,969.933
629,1.0,251.93591,54.53787,-0.30007634,-0.2950789,12.713107,45.767185,971.209
630,1.0,252.33644,68.49654,-0.28194124,-0.285541,12.683116,45.659218,972.4819
631,1.0,252.73698,82.275986,-0.27427864,-0.27613035,12.654085,45.554707,973.7517
632,1.0,253.13751,95.87623,-0.24798404,-0.26684687,12.626001,45.4536,975.01855
633,1.0,253.53806,109.29726,-0.26631352,-0.25769043,12.598852,45.355865,976.28253
634,1.0,253.93858,122.53908,-0.24415854,-0.24866088,12.572625,45.261448,977.54376
635,1.0,254.33911,135.60168,-0.23053125,-0.2397581,12.547308,45.170307,978.8023
636,1.0,254.73965,148.48508,-0.21705596,-0.23098195,12.522887,45.082394,980.0583
637,1.0,255.14018,161.18925,-0.20851554,-0.2223323,12.499351,44.99766,981.3118
638,1.0,255.54073,173.71422,-0.21353006,-0.21380906,12.476685,44.91606,982.5629
639,1.0,255.94125,186.05997,-0.20184761,-0.20541206,12.454878,44.83756,983.8117
640,1.0,256.3418,198.22652,-0.18576466,-0.1971412,12.433917,44.7621,985.0583
641,1.0,256.7423,210.21384,-0.19443049,-0.18899636,12.41379,44.68964,986.30273
642,1.0,257.14285,222.02196,-0.2017634,-0.1809774,12.394483,44.620136,987.5451
643,1.0,257.5434,233.65086,-0.18641415,-0.17308426,12.375984,44.553543,988.7855
644,1.0,257.94394,245.10056,-0.16445701,-0.16531676,12.358281,44.48981,990.02405
645,1.0,258.34445,256.37103,-0.14323217,-0.15767482,12.341361,44.428898,991.26074
646,1.0,258.745,267.46228,-0.15030906,-0.15015832,12.325212,44.37076,992.4957
647,1.0,259.14554,278.37436,-0.1354353,-0.14276715,12.30982,44.31535,993.72906
648,1.0,259.54605,289.10718,-0.14261955,-0.13550118,12.295174,44.262623,994.9608
649,1.0,259.9466,299.6608,-0.11857496,-0.12836033,12.2812605,44.212536,996.19104
650,1.0,260.34714,310.03522,-0.11085953,-0.12134447,12.268067,44.165043,997.41986
651,1.0,260.74765,320.23044,-0.123636365,-0.1144535,12.255582,44.120094,998.64734
652,1.0,261.1482,330.24643,-0.1038345,-0.10768732,12.243792,44.07765,999.87354
653,1.0,261.54874,340.0832,-0.09126844,-0.1010458,12.232684,44.037663,1001.0985
654,1.0,261.94928,349.74075,-0.09955519,-0.094528876,12.222247,44.000088,1002.3223
655,1.0,262.3498,359.21912,-0.0941711,-0.08813642,12.212468,43.964886,1003.54504
656,1.0,262.75034,368.51825,-0.07445942,-0.081868336,12.203335,43.932003,1004.7668
657,1.0,263.15088,377.63818,-0.06698803,-0.07572451,12.194835,43.901405,1005.98755
658,1.0,263.5514,386.5789,-0.08167454,-0.06970486,12.186955,43.87304,1007.20746
659,1.0,263.95193,395.3404,-0.0616274,-0.063809276,12.179684,43.84686,1008.4266
660,1.0,264.35248,403.9227,-0.06533682,-0.058037665,12.173008,43.822826,1009.6449
661,1.0,264.753,412.32578,-0.033156767,-0.052389923,12.166916,43.800896,1010.86255
662,1.0,265.15353,420.54962,-0.040592995,-0.046865944,12.161394,43.781017,1012.0795
663,1.0,265.55408,428.59427,-0.0463943,-0.041465644,12.156431,43.76315,1013.29596
664,1.0,265.95462,436.45972,-0.026086068,-0.036188927,12.152015,43.747253,1014.51184
665,1.0,266.35513,444.14594,-0.026127502,-0.03103569,12.148132,43.733276,1015.72723
666,1.0,266.75568,451.65295,-0.021672487,-0.026005836,12.144771,43.721172,1016.94226
667,1.0,267.15622,458.98077,-0.005485661,-0.021099271,12.141918,43.710903,1018.1569
668,1.0,267.55673,466.12933,-0.018924363,-0.016315917,12.139563,43.702423,1019.3713
669,1.0,267.95728,473.09872,-0.006637503,-0.011655657,12.1376915,43.695686,1020.5853
670,1.0,268.35782,479.8889,-0.012120644,-0.0071184053,12.136292,43.69065,1021.7992
671,1.0,268.75833,486.49985,-0.0020218513,-0.0027040858,12.135354,43.687275,1023.0129
672,1.0,269.15887,492.93158,0.015520528,0.0015874124,12.134863,43.685505,1024.2264
673,1.0,269.55942,499.1841,0.0062380102,0.005756192,12.134807,43.685303,1025.44
674,1.0,269.95996,505.25742,0.008940232,0.009802319,12.135174,43.686623,1026.6534
675,1.0,270.36047,511.15152,0.028994324,0.013725895,12.135952,43.689426,1027.867
676,1.0,270.76102,516.8664,0.0017873087,0.01752701,12.137129,43.69366,1029.0804
677,1.0,271.16156,522.4021,0.028807357,0.021205755,12.138692,43.69929,1030.2941
678,1.0,271.56207,527.75854,0.016882183,0.024762228,12.140629,43.70626,1031.5078
679,1.0,271.96262,532.9358,0.029607093,0.028196525,12.142927,43.714535,1032.7218
680,1.0,272.36316,537.93384,0.03857881,0.031508718,12.145576,43.72407,1033.936
681,1.0,272.76367,542.7526,0.032512516,0.034698907,12.148561,43.734818,1035.1505
682,1.0,273.1642,547.3923,0.030762782,0.037767183,12.151871,43.746735,1036.3652
683,1.0,273.56476,551.85266,0.060693804,0.040713638,12.155494,43.759777,1037.5802
684,1.0,273.9653,556.13385,0.040180888,0.043538354,12.159418,43.773903,1038.7955
685,1.0,274.3658,560.23584,0.03318734,0.04624143,12.1636305,43.78907,1040.0112
686,1.0,274.76636,564.15857,0.049210917,0.04882294,12.168119,43.80523,1041.2274
687,1.0,275.1669,567.90216,0.054779276,0.051282983,12.172873,43.82234,1042.444
688,1.0,275.5674,571.4665,0.064229645,0.053621657,12.177877,43.84036,1043.661
689,1.0,275.96796,574.8516,0.07034896,0.055839047,12.183123,43.85924,1044.8785
690,1.0,276.3685,578.0575,0.071099386,0.05793523,12.188596,43.878944,1046.0966
691,1.0,276.769,581.0842,0.057315364,0.059910305,12.194284,43.89942,1047.3152
692,1.0,277.16956,583.9317,0.042162642,0.061764356,12.200177,43.920635,1048.5343
693,1.0,277.5701,586.6,0.077467695,0.06349749,12.206261,43.942535,1049.754
694,1.0,277.97064,589.08905,0.07157274,0.065109774,12.212523,43.965084,1050.9744
695,1.0,278.37115,591.39886,0.07355851,0.066601306,12.218954,43.98823,1052.1953
696,1.0,278.7717,593.52954,0.074186996,0.06797219,12.225539,44.01194,1053.4169
697,1.0,279.17224,595.48096,0.08634512,0.06922249,12.232268,44.036163,1054.639
698,1.0,279.57275,597.2532,0.07383044,0.07035231,12.239128,44.06086,1055.8619
699,1.0,279.9733,598.8461,0.07195045,0.07136173,12.246107,44.085983,1057.0854
700,1.0,280.37384,600.25995,0.083674565,0.07225086,12.253193,44.111492,1058.3097
701,1.0,280.77435,601.4945,0.08149808,0.07301977,12.260373,44.13734,1059.5347
702,1.0,281.1749,602.54987,0.056195904,0.07366855,12.267636,44.16349,1060.7604
703,1.0,281.57544,603.426,0.07179122,0.07419729,12.274971,44.189896,1061.9868
704,1.0,281.97598,604.123,0.09113492,0.074606106,12.282364,44.216507,1063.214
705,1.0,282.3765,604.6407,0.07331978,0.074895054,12.289804,44.243294,1064.4419
706,1.0,282.77704,604.9792,0.07013079,0.07506424,12.297279,44.270203,1065.6705
707,1.0,283.17758,605.1385,0.052498948,0.07511376,12.304777,44.297195,1066.8999
708,1.0,283.5781,605.1186,0.07925472,0.075043686,12.312286,44.32423,1068.13
709,1.0,283.97864,604.91943,0.07434606,0.07485412,12.319795,44.35126,1069.3608
710,1.0,284.37918,604.5411,0.08129078,0.07454515,12.32729,44.378242,1070.5924
711,1.0,284.7797,603.9836,0.06397336,0.07411688,12.33476,44.405132,1071.8247
712,1.0,285.18024,603.24677,0.06859959,0.07356939,12.342193,44.431892,1073.0579
713,1.0,285.58078,602.3308,0.06765212,0.072902754,12.349577,44.458477,1074.2917
714,1.0,285.98132,601.2356,0.06312092,0.07211709,12.3569,44.48484,1075.5264
715,1.0,286.38184,599.96124,0.079329826,0.07121248,12.364151,44.51094,1076.7617
716,1.0,286.78238,598.5076,0.08113547,0.070189,12.371318,44.536743,1077.9978
717,1.0,287.18292,596.87476,0.0693589,0.06904676,12.378388,44.5622,1079.2346
718,1.0,287.58344,595.06274,0.06380703,0.06778585,12.38535,44.58726,1080.472
719,1.0,287.98398,593.0715,0.06780105,0.066406354,12.392192,44.61189,1081.7102
720,1.0,288.38452,590.901,0.07838336,0.064908355,12.398902,44.636047,1082.9491
721,1.0,288.78503,588.55133,0.06841199,0.06329196,12.405468,44.659683,1084.1886
722,1.0,289.18558,586.02246,0.07331121,0.061557263,12.411878,44.68276,1085.4288
723,1.0,289.58612,583.31433,0.070337705,0.05970435,12.41812,44.70523,1086.6697
724,1.0,289.98666,580.427,0.05151817,0.057733297,12.424184,44.727062,1087.9111
725,1.0,290.38718,577.3605,0.05392497,0.05564421,12.430056,44.7482,1089.1532
726,1.0,290.78772,574.11475,0.05053976,0.053437192,12.435724,44.768604,1090.3959
727,1.0,291.18826,570.6898,0.050254844,0.05111232,12.441178,44.788242,1091.6392
728,1.0,291.58878,567.08563,0.05568642,0.048669677,12.446405,44.807056,1092.883
729,1.0,291.98932,563.30225,0.03189528,0.04610938,12.451394,44.825016,1094.1274
730,1.0,292.38986,559.33966,0.05729074,0.043431494,12.456133,44.842075,1095.3723
731,1.0,292.79037,555.1979,0.038589783,0.040636126,12.46061,44.858196,1096.6177
732,1.0,293.19092,550.87683,0.038854867,0.037723355,12.464814,44.87333,1097.8635
733,1.0,293.59146,546.3766,0.03449257,0.034693293,12.468732,44.887432,1099.1097
734,1.0,293.992,541.69714,0.045539778,0.031546008,12.472353,44.90047,1100.3564
735,1.0,294.39252,536.8385,0.033804618,0.028281607,12.475665,44.91239,1101.6035
736,1.0,294.79306,531.80066,0.03167609,0.024900174,12.478657,44.923164,1102.851
737,1.0,295.1936,526.58356,0.02016358,0.021401798,12.481316,44.932735,1104.0986
738,1.0,295.59412,521.18726,0.022830272,0.017786572,12.483631,44.94107,1105.3467
739,1.0,295.99466,515.61176,0.0065658996,0.014054589,12.485591,44.948128,1106.595
740,1.0,296.3952,509.85706,0.020829126,0.01020594,12.487183,44.953857,1107.8434
741,1.0,296.79572,503.92313,0.0027530282,0.0062407204,12.488396,44.95822,1109.092
742,1.0,297.19626,497.80997,0.0016712802,0.00215901,12.489218,44.96118,1110.3408
743,1.0,297.5968,491.51764,-0.003744042,-0.0020391103,12.489637,44.962692,1111.5897
744,1.0,297.99734,485.04605,-0.0028858406,-0.0063535287,12.489643,44.962715,1112.8386
745,1.0,298.39786,478.39526,-0.0205143,-0.010784174,12.4892235,44.961205,1114.0876
746,1.0,298.7984,471.56528,-0.0136507135,-0.015330953,12.488366,44.95812,1115.3365
747,1.0,299.19894,464.5561,-0.010565632,-0.019993769,12.487061,44.953415,1116.5854
748,1.0,299.59946,457.36768,-0.02954257,-0.024772547,12.485294,44.94706,1117.8342
749,1.0,300.0,450.00003,-0.028688254,-0.029667191,12.483056,44.939,1119.0829
